5681c87361c978f520a10bfa39af34e7992a6e7e789521a53f3bd6939c7a5fa7	1087	/root/autodl-tmp/dataset/duplexconv/reports/aggregate_edu0018_0045_v1/aggregate_audit.json	/soulx-stage3-dataset-CN/datasets/duplexconv_edu0018_0045_stage3_zh_v1/evidence/aggregate_edu0018_0045_v1/aggregate_audit.json
5681c87361c978f520a10bfa39af34e7992a6e7e789521a53f3bd6939c7a5fa7	1087	/root/autodl-tmp/dataset/duplexconv/reports/aggregate_edu0018_0045_v1/aggregate_audit.log	/soulx-stage3-dataset-CN/datasets/duplexconv_edu0018_0045_stage3_zh_v1/evidence/aggregate_edu0018_0045_v1/aggregate_audit.log
095e18de040f812aa305b06513356470727fad9f18d579081d04335f67819bdb	2414	/root/autodl-tmp/dataset/duplexconv/reports/aggregate_edu0018_0045_v1/aggregate_build.log	/soulx-stage3-dataset-CN/datasets/duplexconv_edu0018_0045_stage3_zh_v1/evidence/aggregate_edu0018_0045_v1/aggregate_build.log
acacea5ee888d81d5913d6232c228bbb2057c035f66890f829e8ef742ddd32fa	4599	/root/autodl-tmp/dataset/duplexconv/reports/aggregate_edu0018_0045_v1/model_ready_validation.json	/soulx-stage3-dataset-CN/datasets/duplexconv_edu0018_0045_stage3_zh_v1/evidence/aggregate_edu0018_0045_v1/model_ready_validation.json
ac1b43c04536cf96f92cc8cc8804e40257b31ec77492d8a3dc7a17112649f5af	6372	/root/autodl-tmp/dataset/duplexconv/reports/aggregate_edu0018_0045_v1/model_ready_validation.log	/soulx-stage3-dataset-CN/datasets/duplexconv_edu0018_0045_stage3_zh_v1/evidence/aggregate_edu0018_0045_v1/model_ready_validation.log
a7ddf90e03fc9b917181fdc115d13ca039d930cae467e421811949895d79744c	4042	/root/SoulX-stage3-dataset/configs/benchmark_audio_leakage_frozen_v2_2.json	/soulx-stage3-dataset-CN/datasets/duplexconv_edu0018_0045_stage3_zh_v1/evidence/benchmark_audio_leakage_frozen_v2_2.json
1bf5e354f9716e5a23c61b9825e9c1ed4be0a884ad1a1fbea856d994463d1d9a	11488	/root/SoulX-stage3-dataset/configs/duplexconv_edu0018_0045_aggregate_v1.json	/soulx-stage3-dataset-CN/datasets/duplexconv_edu0018_0045_stage3_zh_v1/evidence/duplexconv_edu0018_0045_aggregate_v1.json
54f9c92ee819a1e585df86e5b8b3252579f0fb619b146b14adefe40d9bdb769f	1957	/root/SoulX-stage3-dataset/configs/duplexconv_edu0018_sanitized_v1_exclusion.json	/soulx-stage3-dataset-CN/datasets/duplexconv_edu0018_0045_stage3_zh_v1/evidence/duplexconv_edu0018_sanitized_v1_exclusion.json
180df7cd74ecfb6ebd6fbdb3f40a0b644a14895b519eda6b61914f29ae5725dd	180328	/root/SoulX-stage3-dataset/project_plan/duplexconv_edu0018_stage3_plan.md	/soulx-stage3-dataset-CN/datasets/duplexconv_edu0018_0045_stage3_zh_v1/evidence/duplexconv_edu0018_stage3_plan.md
095e18de040f812aa305b06513356470727fad9f18d579081d04335f67819bdb	2414	/root/autodl-tmp/dataset/duplexconv/aggregates/edu0018_0045_stage3_zh_v1/aggregate_manifest.json	/soulx-stage3-dataset-CN/datasets/duplexconv_edu0018_0045_stage3_zh_v1/model_ready/edu0018_0045_stage3_zh_v1/aggregate_manifest.json
0c246ead053da895fb9e72ee94d3bc29201f22b216b20c104f711bedfdee2b1b	12346	/root/autodl-tmp/dataset/duplexconv/aggregates/edu0018_0045_stage3_zh_v1/checksums.sha256	/soulx-stage3-dataset-CN/datasets/duplexconv_edu0018_0045_stage3_zh_v1/model_ready/edu0018_0045_stage3_zh_v1/checksums.sha256
424a00ec6ff41b6cab7a8de5999c21d3f938ec0d3c6b9416d2a00ff95400fada	1139	/root/autodl-tmp/dataset/duplexconv/aggregates/edu0018_0045_stage3_zh_v1/contract.json	/soulx-stage3-dataset-CN/datasets/duplexconv_edu0018_0045_stage3_zh_v1/model_ready/edu0018_0045_stage3_zh_v1/contract.json
37479b5959002e4285fc2ce521f27603aa4d4f70a72cda64f9f8fc09a231478a	2948413	/root/autodl-tmp/dataset/duplexconv/aggregates/edu0018_0045_stage3_zh_v1/data/train-edu_0018-37479b595900.parquet	/soulx-stage3-dataset-CN/datasets/duplexconv_edu0018_0045_stage3_zh_v1/model_ready/edu0018_0045_stage3_zh_v1/data/train-edu_0018-37479b595900.parquet
ddde0c866409f9146c722c6a03904262cdc3da578ab3657f831e0396e56238b8	3028014	/root/autodl-tmp/dataset/duplexconv/aggregates/edu0018_0045_stage3_zh_v1/data/train-edu_0019-ddde0c866409.parquet	/soulx-stage3-dataset-CN/datasets/duplexconv_edu0018_0045_stage3_zh_v1/model_ready/edu0018_0045_stage3_zh_v1/data/train-edu_0019-ddde0c866409.parquet
5469411ab453ca4d71272071b14121a5a614156cfa1d875e08d50b51aa590858	3106435	/root/autodl-tmp/dataset/duplexconv/aggregates/edu0018_0045_stage3_zh_v1/data/train-edu_0020-5469411ab453.parquet	/soulx-stage3-dataset-CN/datasets/duplexconv_edu0018_0045_stage3_zh_v1/model_ready/edu0018_0045_stage3_zh_v1/data/train-edu_0020-5469411ab453.parquet
6106ace96787c03adc85788bc87178a8076fcf572bf5a855557f260fc1637993	3037306	/root/autodl-tmp/dataset/duplexconv/aggregates/edu0018_0045_stage3_zh_v1/data/train-edu_0021-6106ace96787.parquet	/soulx-stage3-dataset-CN/datasets/duplexconv_edu0018_0045_stage3_zh_v1/model_ready/edu0018_0045_stage3_zh_v1/data/train-edu_0021-6106ace96787.parquet
efc970f8542b889a0cd2fe42e68e9555f0a9e09b396471596885d262e7b4df60	3242341	/root/autodl-tmp/dataset/duplexconv/aggregates/edu0018_0045_stage3_zh_v1/data/train-edu_0022-efc970f8542b.parquet	/soulx-stage3-dataset-CN/datasets/duplexconv_edu0018_0045_stage3_zh_v1/model_ready/edu0018_0045_stage3_zh_v1/data/train-edu_0022-efc970f8542b.parquet
0adb416081fb8f1f115ab01bffce0e72cabf478909e30d1bb2ba61974fe84942	3186730	/root/autodl-tmp/dataset/duplexconv/aggregates/edu0018_0045_stage3_zh_v1/data/train-edu_0023-0adb416081fb.parquet	/soulx-stage3-dataset-CN/datasets/duplexconv_edu0018_0045_stage3_zh_v1/model_ready/edu0018_0045_stage3_zh_v1/data/train-edu_0023-0adb416081fb.parquet
aff227968480c7f86629b2fd755618ab8ce65007dfdbe7efc3b1bdaedadd7e57	3000895	/root/autodl-tmp/dataset/duplexconv/aggregates/edu0018_0045_stage3_zh_v1/data/train-edu_0024-aff227968480.parquet	/soulx-stage3-dataset-CN/datasets/duplexconv_edu0018_0045_stage3_zh_v1/model_ready/edu0018_0045_stage3_zh_v1/data/train-edu_0024-aff227968480.parquet
80ad2fef75597b6795d4e068a4faa3dcd691cb6a07fa7c0b073a1e2b7032a591	3049314	/root/autodl-tmp/dataset/duplexconv/aggregates/edu0018_0045_stage3_zh_v1/data/train-edu_0025-80ad2fef7559.parquet	/soulx-stage3-dataset-CN/datasets/duplexconv_edu0018_0045_stage3_zh_v1/model_ready/edu0018_0045_stage3_zh_v1/data/train-edu_0025-80ad2fef7559.parquet
72ce4f29702b17ef7ddbf7219e9eea1278b41a34273279416e89dca0bc239b17	3287272	/root/autodl-tmp/dataset/duplexconv/aggregates/edu0018_0045_stage3_zh_v1/data/train-edu_0026-72ce4f29702b.parquet	/soulx-stage3-dataset-CN/datasets/duplexconv_edu0018_0045_stage3_zh_v1/model_ready/edu0018_0045_stage3_zh_v1/data/train-edu_0026-72ce4f29702b.parquet
97ae62315029c98d0cedac8ac95edb3740b7bcf8233a6eaf6feeb8e163c89f69	3336873	/root/autodl-tmp/dataset/duplexconv/aggregates/edu0018_0045_stage3_zh_v1/data/train-edu_0027-97ae62315029.parquet	/soulx-stage3-dataset-CN/datasets/duplexconv_edu0018_0045_stage3_zh_v1/model_ready/edu0018_0045_stage3_zh_v1/data/train-edu_0027-97ae62315029.parquet
07e0173b7fae1b678ad7e2628e654048b3bfe7bf689eeb64fcf50e1dedb0b63a	3180920	/root/autodl-tmp/dataset/duplexconv/aggregates/edu0018_0045_stage3_zh_v1/data/train-edu_0028-07e0173b7fae.parquet	/soulx-stage3-dataset-CN/datasets/duplexconv_edu0018_0045_stage3_zh_v1/model_ready/edu0018_0045_stage3_zh_v1/data/train-edu_0028-07e0173b7fae.parquet
c3c3c5995423779afd9bbfa22c0bcae645f59ef70d7c6567635e5863ddfddb59	3256122	/root/autodl-tmp/dataset/duplexconv/aggregates/edu0018_0045_stage3_zh_v1/data/train-edu_0029-c3c3c5995423.parquet	/soulx-stage3-dataset-CN/datasets/duplexconv_edu0018_0045_stage3_zh_v1/model_ready/edu0018_0045_stage3_zh_v1/data/train-edu_0029-c3c3c5995423.parquet
bc5837e2943428465b092f5a0b94f3c7bf58344024fa99daba34ec1347756ea2	3209210	/root/autodl-tmp/dataset/duplexconv/aggregates/edu0018_0045_stage3_zh_v1/data/train-edu_0030-bc5837e29434.parquet	/soulx-stage3-dataset-CN/datasets/duplexconv_edu0018_0045_stage3_zh_v1/model_ready/edu0018_0045_stage3_zh_v1/data/train-edu_0030-bc5837e29434.parquet
f58440b7b4ea63c6211febcf61e50d767655107753800c4bd36f8314919c7ee9	3173700	/root/autodl-tmp/dataset/duplexconv/aggregates/edu0018_0045_stage3_zh_v1/data/train-edu_0031-f58440b7b4ea.parquet	/soulx-stage3-dataset-CN/datasets/duplexconv_edu0018_0045_stage3_zh_v1/model_ready/edu0018_0045_stage3_zh_v1/data/train-edu_0031-f58440b7b4ea.parquet
c70f9950f663604f8608cf165314f4f3fb28c0c9eb3c3f45f4bbdfce43837b1f	3081846	/root/autodl-tmp/dataset/duplexconv/aggregates/edu0018_0045_stage3_zh_v1/data/train-edu_0032-c70f9950f663.parquet	/soulx-stage3-dataset-CN/datasets/duplexconv_edu0018_0045_stage3_zh_v1/model_ready/edu0018_0045_stage3_zh_v1/data/train-edu_0032-c70f9950f663.parquet
218762feba64cd53784d54f67c9cbc27b5b4f5cf19ac1134cd3e384b8608c904	3054499	/root/autodl-tmp/dataset/duplexconv/aggregates/edu0018_0045_stage3_zh_v1/data/train-edu_0033-218762feba64.parquet	/soulx-stage3-dataset-CN/datasets/duplexconv_edu0018_0045_stage3_zh_v1/model_ready/edu0018_0045_stage3_zh_v1/data/train-edu_0033-218762feba64.parquet
1b71bc2857b3d092b5495f8f376e694a1aba785190aa685110ffe9f9d9bf24cd	3358106	/root/autodl-tmp/dataset/duplexconv/aggregates/edu0018_0045_stage3_zh_v1/data/train-edu_0034-1b71bc2857b3.parquet	/soulx-stage3-dataset-CN/datasets/duplexconv_edu0018_0045_stage3_zh_v1/model_ready/edu0018_0045_stage3_zh_v1/data/train-edu_0034-1b71bc2857b3.parquet
49081a99748d4fe7abbc21e533f8fa23b2b32447886451493ffc960fc504db3c	3000015	/root/autodl-tmp/dataset/duplexconv/aggregates/edu0018_0045_stage3_zh_v1/data/train-edu_0035-49081a99748d.parquet	/soulx-stage3-dataset-CN/datasets/duplexconv_edu0018_0045_stage3_zh_v1/model_ready/edu0018_0045_stage3_zh_v1/data/train-edu_0035-49081a99748d.parquet
a899ca1050ee0f223e4b0ac892dbafa98340d6114910d02d8ff0f5677a62872c	3111328	/root/autodl-tmp/dataset/duplexconv/aggregates/edu0018_0045_stage3_zh_v1/data/train-edu_0036-a899ca1050ee.parquet	/soulx-stage3-dataset-CN/datasets/duplexconv_edu0018_0045_stage3_zh_v1/model_ready/edu0018_0045_stage3_zh_v1/data/train-edu_0036-a899ca1050ee.parquet
c32498fb59222a72a9316f7a7b4b04f720368a48a4cc19b84fd0574a1871966e	3130649	/root/autodl-tmp/dataset/duplexconv/aggregates/edu0018_0045_stage3_zh_v1/data/train-edu_0037-c32498fb5922.parquet	/soulx-stage3-dataset-CN/datasets/duplexconv_edu0018_0045_stage3_zh_v1/model_ready/edu0018_0045_stage3_zh_v1/data/train-edu_0037-c32498fb5922.parquet
ecaddcd39eb6225b920f929334f08403b21e152204f1a6d2ca4a5c46775e9826	3319470	/root/autodl-tmp/dataset/duplexconv/aggregates/edu0018_0045_stage3_zh_v1/data/train-edu_0038-ecaddcd39eb6.parquet	/soulx-stage3-dataset-CN/datasets/duplexconv_edu0018_0045_stage3_zh_v1/model_ready/edu0018_0045_stage3_zh_v1/data/train-edu_0038-ecaddcd39eb6.parquet
35abe097fd9b3a0f1133a95c3a437a4bc3217fe2d878c11b44c0aebeaa9e088d	3208271	/root/autodl-tmp/dataset/duplexconv/aggregates/edu0018_0045_stage3_zh_v1/data/train-edu_0039-35abe097fd9b.parquet	/soulx-stage3-dataset-CN/datasets/duplexconv_edu0018_0045_stage3_zh_v1/model_ready/edu0018_0045_stage3_zh_v1/data/train-edu_0039-35abe097fd9b.parquet
0e00d312704e23bd2d430c8c715fa32715ee73dd2b499d9fbe983a94c739d8de	3034437	/root/autodl-tmp/dataset/duplexconv/aggregates/edu0018_0045_stage3_zh_v1/data/train-edu_0040-0e00d312704e.parquet	/soulx-stage3-dataset-CN/datasets/duplexconv_edu0018_0045_stage3_zh_v1/model_ready/edu0018_0045_stage3_zh_v1/data/train-edu_0040-0e00d312704e.parquet
909c66e941a4c0896037056fbee78d37af9e5c05ea88894fc1e491111fbf28ef	3306199	/root/autodl-tmp/dataset/duplexconv/aggregates/edu0018_0045_stage3_zh_v1/data/train-edu_0041-909c66e941a4.parquet	/soulx-stage3-dataset-CN/datasets/duplexconv_edu0018_0045_stage3_zh_v1/model_ready/edu0018_0045_stage3_zh_v1/data/train-edu_0041-909c66e941a4.parquet
f3f1271bc7a3105327096268b5602e2893650c1aae1b112f1d65ed7c25b67222	2949139	/root/autodl-tmp/dataset/duplexconv/aggregates/edu0018_0045_stage3_zh_v1/data/train-edu_0042-f3f1271bc7a3.parquet	/soulx-stage3-dataset-CN/datasets/duplexconv_edu0018_0045_stage3_zh_v1/model_ready/edu0018_0045_stage3_zh_v1/data/train-edu_0042-f3f1271bc7a3.parquet
b6c277181d9ac191ba243f9adfd9304eca15e9da26fbf66fce4ec9d997d408b6	3006088	/root/autodl-tmp/dataset/duplexconv/aggregates/edu0018_0045_stage3_zh_v1/data/train-edu_0043-b6c277181d9a.parquet	/soulx-stage3-dataset-CN/datasets/duplexconv_edu0018_0045_stage3_zh_v1/model_ready/edu0018_0045_stage3_zh_v1/data/train-edu_0043-b6c277181d9a.parquet
3ef7fe1b77af684878cdef5ad9a1013f5bec9e8ab8b5f1bd6974c47a6bb32fb6	3143953	/root/autodl-tmp/dataset/duplexconv/aggregates/edu0018_0045_stage3_zh_v1/data/train-edu_0044-3ef7fe1b77af.parquet	/soulx-stage3-dataset-CN/datasets/duplexconv_edu0018_0045_stage3_zh_v1/model_ready/edu0018_0045_stage3_zh_v1/data/train-edu_0044-3ef7fe1b77af.parquet
6f5f88bf5b24d192bf21ad8bc466a90ae73095e07f6a88bdf28773c8c2ab5ea2	270713	/root/autodl-tmp/dataset/duplexconv/aggregates/edu0018_0045_stage3_zh_v1/data/train-edu_0045-6f5f88bf5b24.parquet	/soulx-stage3-dataset-CN/datasets/duplexconv_edu0018_0045_stage3_zh_v1/model_ready/edu0018_0045_stage3_zh_v1/data/train-edu_0045-6f5f88bf5b24.parquet
56115a3119ad83c2a1d4b100dfa4ac3080a0fd9ebdf3f74a0d76d6fd6779d09c	1705188	/root/autodl-tmp/dataset/duplexconv/aggregates/edu0018_0045_stage3_zh_v1/metadata/by_shard/Edu_0018.windows.jsonl	/soulx-stage3-dataset-CN/datasets/duplexconv_edu0018_0045_stage3_zh_v1/model_ready/edu0018_0045_stage3_zh_v1/metadata/by_shard/Edu_0018.windows.jsonl
3c3c3de8358e19df5659bfa7cd871491529b3e3f3b528afd91495ddc780c2c7a	1722100	/root/autodl-tmp/dataset/duplexconv/aggregates/edu0018_0045_stage3_zh_v1/metadata/by_shard/Edu_0019.windows.jsonl	/soulx-stage3-dataset-CN/datasets/duplexconv_edu0018_0045_stage3_zh_v1/model_ready/edu0018_0045_stage3_zh_v1/metadata/by_shard/Edu_0019.windows.jsonl
4638eb0a3660773e57db35f1845fd6bd102a69d4587b49b0e66542f5480e2e89	1769697	/root/autodl-tmp/dataset/duplexconv/aggregates/edu0018_0045_stage3_zh_v1/metadata/by_shard/Edu_0020.windows.jsonl	/soulx-stage3-dataset-CN/datasets/duplexconv_edu0018_0045_stage3_zh_v1/model_ready/edu0018_0045_stage3_zh_v1/metadata/by_shard/Edu_0020.windows.jsonl
6621193b46a098c0f36d1ed3bc21af3e683bc57a0e8d778352642ff9d5c61614	1746009	/root/autodl-tmp/dataset/duplexconv/aggregates/edu0018_0045_stage3_zh_v1/metadata/by_shard/Edu_0021.windows.jsonl	/soulx-stage3-dataset-CN/datasets/duplexconv_edu0018_0045_stage3_zh_v1/model_ready/edu0018_0045_stage3_zh_v1/metadata/by_shard/Edu_0021.windows.jsonl
1647b8a36764e902603576b762819483f22e68d9ab64cfdcb32b3d893bd35998	1783169	/root/autodl-tmp/dataset/duplexconv/aggregates/edu0018_0045_stage3_zh_v1/metadata/by_shard/Edu_0022.windows.jsonl	/soulx-stage3-dataset-CN/datasets/duplexconv_edu0018_0045_stage3_zh_v1/model_ready/edu0018_0045_stage3_zh_v1/metadata/by_shard/Edu_0022.windows.jsonl
5d8dcb4ba4cbd190425750e8bd89070de169a52346b12c37d005f4c328eeda92	1827404	/root/autodl-tmp/dataset/duplexconv/aggregates/edu0018_0045_stage3_zh_v1/metadata/by_shard/Edu_0023.windows.jsonl	/soulx-stage3-dataset-CN/datasets/duplexconv_edu0018_0045_stage3_zh_v1/model_ready/edu0018_0045_stage3_zh_v1/metadata/by_shard/Edu_0023.windows.jsonl
7b3884bd0d9437c262cf3e0965bc0bc8a4be4dfc410238906e559924ece74525	1678323	/root/autodl-tmp/dataset/duplexconv/aggregates/edu0018_0045_stage3_zh_v1/metadata/by_shard/Edu_0024.windows.jsonl	/soulx-stage3-dataset-CN/datasets/duplexconv_edu0018_0045_stage3_zh_v1/model_ready/edu0018_0045_stage3_zh_v1/metadata/by_shard/Edu_0024.windows.jsonl
44cb718c0d39e0990bf878b4514e21f3659d31b0686bc0c83b58d13de21d1f98	1704190	/root/autodl-tmp/dataset/duplexconv/aggregates/edu0018_0045_stage3_zh_v1/metadata/by_shard/Edu_0025.windows.jsonl	/soulx-stage3-dataset-CN/datasets/duplexconv_edu0018_0045_stage3_zh_v1/model_ready/edu0018_0045_stage3_zh_v1/metadata/by_shard/Edu_0025.windows.jsonl
c76135d29d7b972e62623acee9779c0d0ba4d4e54d9b18258f51cd216803fbe8	1860370	/root/autodl-tmp/dataset/duplexconv/aggregates/edu0018_0045_stage3_zh_v1/metadata/by_shard/Edu_0026.windows.jsonl	/soulx-stage3-dataset-CN/datasets/duplexconv_edu0018_0045_stage3_zh_v1/model_ready/edu0018_0045_stage3_zh_v1/metadata/by_shard/Edu_0026.windows.jsonl
7d6ac62a633185860705ec207f8720e79a355f40a3763ef3155bdf74a2313f72	1859814	/root/autodl-tmp/dataset/duplexconv/aggregates/edu0018_0045_stage3_zh_v1/metadata/by_shard/Edu_0027.windows.jsonl	/soulx-stage3-dataset-CN/datasets/duplexconv_edu0018_0045_stage3_zh_v1/model_ready/edu0018_0045_stage3_zh_v1/metadata/by_shard/Edu_0027.windows.jsonl
54fc4a7224435b756c16dc210be7a816761a052ea41c037e7273a0974a2a1c9d	1813829	/root/autodl-tmp/dataset/duplexconv/aggregates/edu0018_0045_stage3_zh_v1/metadata/by_shard/Edu_0028.windows.jsonl	/soulx-stage3-dataset-CN/datasets/duplexconv_edu0018_0045_stage3_zh_v1/model_ready/edu0018_0045_stage3_zh_v1/metadata/by_shard/Edu_0028.windows.jsonl
a1d1cac32a03b24db8457cb8144a62a82f25954e4ba833d4f351dee4cf08e519	1818370	/root/autodl-tmp/dataset/duplexconv/aggregates/edu0018_0045_stage3_zh_v1/metadata/by_shard/Edu_0029.windows.jsonl	/soulx-stage3-dataset-CN/datasets/duplexconv_edu0018_0045_stage3_zh_v1/model_ready/edu0018_0045_stage3_zh_v1/metadata/by_shard/Edu_0029.windows.jsonl
c862253c35607a40106ad20e25ace3973c1a60269b568a580730f0adb369d766	1840935	/root/autodl-tmp/dataset/duplexconv/aggregates/edu0018_0045_stage3_zh_v1/metadata/by_shard/Edu_0030.windows.jsonl	/soulx-stage3-dataset-CN/datasets/duplexconv_edu0018_0045_stage3_zh_v1/model_ready/edu0018_0045_stage3_zh_v1/metadata/by_shard/Edu_0030.windows.jsonl
c4de4d3075ccd5ae675968ff2d6c5dd341cef6028fb3ad9240ccf9dff7b224a0	1781479	/root/autodl-tmp/dataset/duplexconv/aggregates/edu0018_0045_stage3_zh_v1/metadata/by_shard/Edu_0031.windows.jsonl	/soulx-stage3-dataset-CN/datasets/duplexconv_edu0018_0045_stage3_zh_v1/model_ready/edu0018_0045_stage3_zh_v1/metadata/by_shard/Edu_0031.windows.jsonl
a68cd1f22ae30515d3686c5a8577e5d5476e0d2037c1f3b626e68eff9e96e3d0	1728796	/root/autodl-tmp/dataset/duplexconv/aggregates/edu0018_0045_stage3_zh_v1/metadata/by_shard/Edu_0032.windows.jsonl	/soulx-stage3-dataset-CN/datasets/duplexconv_edu0018_0045_stage3_zh_v1/model_ready/edu0018_0045_stage3_zh_v1/metadata/by_shard/Edu_0032.windows.jsonl
721cfc976376c081ed5db2cc090c62a12a532f77ef0a26db59e1e483778faec4	1758947	/root/autodl-tmp/dataset/duplexconv/aggregates/edu0018_0045_stage3_zh_v1/metadata/by_shard/Edu_0033.windows.jsonl	/soulx-stage3-dataset-CN/datasets/duplexconv_edu0018_0045_stage3_zh_v1/model_ready/edu0018_0045_stage3_zh_v1/metadata/by_shard/Edu_0033.windows.jsonl
0be287e3b39d08d11548b8665a8f399d8b65d67ce11dd443eb7b7d53f80e4004	1876516	/root/autodl-tmp/dataset/duplexconv/aggregates/edu0018_0045_stage3_zh_v1/metadata/by_shard/Edu_0034.windows.jsonl	/soulx-stage3-dataset-CN/datasets/duplexconv_edu0018_0045_stage3_zh_v1/model_ready/edu0018_0045_stage3_zh_v1/metadata/by_shard/Edu_0034.windows.jsonl
11923cedf891959bc66ff5daad0d7a578c70b731cb36549b70287b794df06deb	1726701	/root/autodl-tmp/dataset/duplexconv/aggregates/edu0018_0045_stage3_zh_v1/metadata/by_shard/Edu_0035.windows.jsonl	/soulx-stage3-dataset-CN/datasets/duplexconv_edu0018_0045_stage3_zh_v1/model_ready/edu0018_0045_stage3_zh_v1/metadata/by_shard/Edu_0035.windows.jsonl
a3c9d4458f6618b45be4ce98f28bc133ee1acc8dad9ead40201dd3501b647f83	1775860	/root/autodl-tmp/dataset/duplexconv/aggregates/edu0018_0045_stage3_zh_v1/metadata/by_shard/Edu_0036.windows.jsonl	/soulx-stage3-dataset-CN/datasets/duplexconv_edu0018_0045_stage3_zh_v1/model_ready/edu0018_0045_stage3_zh_v1/metadata/by_shard/Edu_0036.windows.jsonl
db49aa07f9e2a9fa9eda4762a3e4b4deb26b549b18a018bf512463c869996fdb	1761903	/root/autodl-tmp/dataset/duplexconv/aggregates/edu0018_0045_stage3_zh_v1/metadata/by_shard/Edu_0037.windows.jsonl	/soulx-stage3-dataset-CN/datasets/duplexconv_edu0018_0045_stage3_zh_v1/model_ready/edu0018_0045_stage3_zh_v1/metadata/by_shard/Edu_0037.windows.jsonl
c7fd7e1ecbcc2ca2a39750dd5a5f88fe05569a45f75cdccc984955c920296db1	1832185	/root/autodl-tmp/dataset/duplexconv/aggregates/edu0018_0045_stage3_zh_v1/metadata/by_shard/Edu_0038.windows.jsonl	/soulx-stage3-dataset-CN/datasets/duplexconv_edu0018_0045_stage3_zh_v1/model_ready/edu0018_0045_stage3_zh_v1/metadata/by_shard/Edu_0038.windows.jsonl
04b36efab2565651f62c5dc198aeeb6f4999ef9ac6ec6e78dded07ad46253745	1863714	/root/autodl-tmp/dataset/duplexconv/aggregates/edu0018_0045_stage3_zh_v1/metadata/by_shard/Edu_0039.windows.jsonl	/soulx-stage3-dataset-CN/datasets/duplexconv_edu0018_0045_stage3_zh_v1/model_ready/edu0018_0045_stage3_zh_v1/metadata/by_shard/Edu_0039.windows.jsonl
4af12d935237f6d2f74c601244961eeda69682779f26c14b7a284b1d5e3972a6	1731723	/root/autodl-tmp/dataset/duplexconv/aggregates/edu0018_0045_stage3_zh_v1/metadata/by_shard/Edu_0040.windows.jsonl	/soulx-stage3-dataset-CN/datasets/duplexconv_edu0018_0045_stage3_zh_v1/model_ready/edu0018_0045_stage3_zh_v1/metadata/by_shard/Edu_0040.windows.jsonl
0b898b60d97d528503dcacdc474e24c9f549a1113d962f43e63bf6faf480dd9d	1859398	/root/autodl-tmp/dataset/duplexconv/aggregates/edu0018_0045_stage3_zh_v1/metadata/by_shard/Edu_0041.windows.jsonl	/soulx-stage3-dataset-CN/datasets/duplexconv_edu0018_0045_stage3_zh_v1/model_ready/edu0018_0045_stage3_zh_v1/metadata/by_shard/Edu_0041.windows.jsonl
7c30574eb6e118415b28770be4cf45bfbf3f72aa909b0b37d2d8b4b0f2b03056	1721940	/root/autodl-tmp/dataset/duplexconv/aggregates/edu0018_0045_stage3_zh_v1/metadata/by_shard/Edu_0042.windows.jsonl	/soulx-stage3-dataset-CN/datasets/duplexconv_edu0018_0045_stage3_zh_v1/model_ready/edu0018_0045_stage3_zh_v1/metadata/by_shard/Edu_0042.windows.jsonl
83ab928c5287b1bdf75313c812ce35d4ef92240b1c8fcd999f481e72ae980e4a	1756875	/root/autodl-tmp/dataset/duplexconv/aggregates/edu0018_0045_stage3_zh_v1/metadata/by_shard/Edu_0043.windows.jsonl	/soulx-stage3-dataset-CN/datasets/duplexconv_edu0018_0045_stage3_zh_v1/model_ready/edu0018_0045_stage3_zh_v1/metadata/by_shard/Edu_0043.windows.jsonl
4c3f147642d353edf364a20da52cce9d22edefe788e681967070186ed0cdba13	1774790	/root/autodl-tmp/dataset/duplexconv/aggregates/edu0018_0045_stage3_zh_v1/metadata/by_shard/Edu_0044.windows.jsonl	/soulx-stage3-dataset-CN/datasets/duplexconv_edu0018_0045_stage3_zh_v1/model_ready/edu0018_0045_stage3_zh_v1/metadata/by_shard/Edu_0044.windows.jsonl
4a89c773e75517e7e6a862b0b4686cf5d225c6dd438db683537eceff620f5f82	150961	/root/autodl-tmp/dataset/duplexconv/aggregates/edu0018_0045_stage3_zh_v1/metadata/by_shard/Edu_0045.windows.jsonl	/soulx-stage3-dataset-CN/datasets/duplexconv_edu0018_0045_stage3_zh_v1/model_ready/edu0018_0045_stage3_zh_v1/metadata/by_shard/Edu_0045.windows.jsonl
aebf20c5db8efd7120d7b9b90b4ac68674d83ff043fd13bbe5b4fff8c8301abf	253249	/root/autodl-tmp/dataset/duplexconv/aggregates/edu0018_0045_stage3_zh_v1/quarantine/by_shard/Edu_0018.chunks.jsonl	/soulx-stage3-dataset-CN/datasets/duplexconv_edu0018_0045_stage3_zh_v1/model_ready/edu0018_0045_stage3_zh_v1/quarantine/by_shard/Edu_0018.chunks.jsonl
e3b0c44298fc1c149afbf4c8996fb92427ae41e4649b934ca495991b7852b855	0	/root/autodl-tmp/dataset/duplexconv/aggregates/edu0018_0045_stage3_zh_v1/quarantine/by_shard/Edu_0018.views.jsonl	/soulx-stage3-dataset-CN/datasets/duplexconv_edu0018_0045_stage3_zh_v1/model_ready/edu0018_0045_stage3_zh_v1/quarantine/by_shard/Edu_0018.views.jsonl
cbc119a90eb47a1052aedfda2e4804fc1bcc4ec2121c37a82e342adc42e91a8b	274320	/root/autodl-tmp/dataset/duplexconv/aggregates/edu0018_0045_stage3_zh_v1/quarantine/by_shard/Edu_0019.chunks.jsonl	/soulx-stage3-dataset-CN/datasets/duplexconv_edu0018_0045_stage3_zh_v1/model_ready/edu0018_0045_stage3_zh_v1/quarantine/by_shard/Edu_0019.chunks.jsonl
d55ad9ded76027e2bf326862f91e145bfd38d7cb4454aee0febe843c50d81735	1543	/root/autodl-tmp/dataset/duplexconv/aggregates/edu0018_0045_stage3_zh_v1/quarantine/by_shard/Edu_0019.views.jsonl	/soulx-stage3-dataset-CN/datasets/duplexconv_edu0018_0045_stage3_zh_v1/model_ready/edu0018_0045_stage3_zh_v1/quarantine/by_shard/Edu_0019.views.jsonl
c7c2634bf478c03e279b621833ad5a12a65fc9922b90ef10c5d1e6cd54b24f74	303751	/root/autodl-tmp/dataset/duplexconv/aggregates/edu0018_0045_stage3_zh_v1/quarantine/by_shard/Edu_0020.chunks.jsonl	/soulx-stage3-dataset-CN/datasets/duplexconv_edu0018_0045_stage3_zh_v1/model_ready/edu0018_0045_stage3_zh_v1/quarantine/by_shard/Edu_0020.chunks.jsonl
bb5d933317c42a13ca79bed8359b6925782ce077ff3a97cc2a031d6cb8ae586c	2617	/root/autodl-tmp/dataset/duplexconv/aggregates/edu0018_0045_stage3_zh_v1/quarantine/by_shard/Edu_0020.views.jsonl	/soulx-stage3-dataset-CN/datasets/duplexconv_edu0018_0045_stage3_zh_v1/model_ready/edu0018_0045_stage3_zh_v1/quarantine/by_shard/Edu_0020.views.jsonl
0e8c25db7ce8d95df918c3b0336a3f7fb19333d0775a77b99604742015408fc3	306076	/root/autodl-tmp/dataset/duplexconv/aggregates/edu0018_0045_stage3_zh_v1/quarantine/by_shard/Edu_0021.chunks.jsonl	/soulx-stage3-dataset-CN/datasets/duplexconv_edu0018_0045_stage3_zh_v1/model_ready/edu0018_0045_stage3_zh_v1/quarantine/by_shard/Edu_0021.chunks.jsonl
5e676b4933fbc0227fb9ceebab681f70339d8fb460f1aa9fd522a8b6dca55037	1039	/root/autodl-tmp/dataset/duplexconv/aggregates/edu0018_0045_stage3_zh_v1/quarantine/by_shard/Edu_0021.views.jsonl	/soulx-stage3-dataset-CN/datasets/duplexconv_edu0018_0045_stage3_zh_v1/model_ready/edu0018_0045_stage3_zh_v1/quarantine/by_shard/Edu_0021.views.jsonl
414b65958ee7eb3cf30af35019d5d6e011d5932aecfeba8d0432de9ebab048ec	269856	/root/autodl-tmp/dataset/duplexconv/aggregates/edu0018_0045_stage3_zh_v1/quarantine/by_shard/Edu_0022.chunks.jsonl	/soulx-stage3-dataset-CN/datasets/duplexconv_edu0018_0045_stage3_zh_v1/model_ready/edu0018_0045_stage3_zh_v1/quarantine/by_shard/Edu_0022.chunks.jsonl
e3b0c44298fc1c149afbf4c8996fb92427ae41e4649b934ca495991b7852b855	0	/root/autodl-tmp/dataset/duplexconv/aggregates/edu0018_0045_stage3_zh_v1/quarantine/by_shard/Edu_0022.views.jsonl	/soulx-stage3-dataset-CN/datasets/duplexconv_edu0018_0045_stage3_zh_v1/model_ready/edu0018_0045_stage3_zh_v1/quarantine/by_shard/Edu_0022.views.jsonl
d10981ffb98b85b727ee1b94d27bf3684a69dea125f1bc62fea915294b294ffe	310921	/root/autodl-tmp/dataset/duplexconv/aggregates/edu0018_0045_stage3_zh_v1/quarantine/by_shard/Edu_0023.chunks.jsonl	/soulx-stage3-dataset-CN/datasets/duplexconv_edu0018_0045_stage3_zh_v1/model_ready/edu0018_0045_stage3_zh_v1/quarantine/by_shard/Edu_0023.chunks.jsonl
e3b0c44298fc1c149afbf4c8996fb92427ae41e4649b934ca495991b7852b855	0	/root/autodl-tmp/dataset/duplexconv/aggregates/edu0018_0045_stage3_zh_v1/quarantine/by_shard/Edu_0023.views.jsonl	/soulx-stage3-dataset-CN/datasets/duplexconv_edu0018_0045_stage3_zh_v1/model_ready/edu0018_0045_stage3_zh_v1/quarantine/by_shard/Edu_0023.views.jsonl
881f51cd322bb89c8ffb0ab9aa2eb414984ebadd364f9e0efe882e41abc3801c	283841	/root/autodl-tmp/dataset/duplexconv/aggregates/edu0018_0045_stage3_zh_v1/quarantine/by_shard/Edu_0024.chunks.jsonl	/soulx-stage3-dataset-CN/datasets/duplexconv_edu0018_0045_stage3_zh_v1/model_ready/edu0018_0045_stage3_zh_v1/quarantine/by_shard/Edu_0024.chunks.jsonl
7fe3e51e364d580a86873e49a8a942eebcbfbd675e1a94ea00f89d584ef3861f	567	/root/autodl-tmp/dataset/duplexconv/aggregates/edu0018_0045_stage3_zh_v1/quarantine/by_shard/Edu_0024.views.jsonl	/soulx-stage3-dataset-CN/datasets/duplexconv_edu0018_0045_stage3_zh_v1/model_ready/edu0018_0045_stage3_zh_v1/quarantine/by_shard/Edu_0024.views.jsonl
5e3f86b01c2f125e11aef4f82c875372f8fad277c5f039d80604e5ecac4ce7a6	272563	/root/autodl-tmp/dataset/duplexconv/aggregates/edu0018_0045_stage3_zh_v1/quarantine/by_shard/Edu_0025.chunks.jsonl	/soulx-stage3-dataset-CN/datasets/duplexconv_edu0018_0045_stage3_zh_v1/model_ready/edu0018_0045_stage3_zh_v1/quarantine/by_shard/Edu_0025.chunks.jsonl
c6feddb26f4b5d61e00dcbd1b2e37a3fe965bb9d611f621eeb7461c9f12a5da7	1356	/root/autodl-tmp/dataset/duplexconv/aggregates/edu0018_0045_stage3_zh_v1/quarantine/by_shard/Edu_0025.views.jsonl	/soulx-stage3-dataset-CN/datasets/duplexconv_edu0018_0045_stage3_zh_v1/model_ready/edu0018_0045_stage3_zh_v1/quarantine/by_shard/Edu_0025.views.jsonl
a4eb414424eae8bde3df9ac19a17a5cb25ff58652e73136204fbd9c7f3299f53	299242	/root/autodl-tmp/dataset/duplexconv/aggregates/edu0018_0045_stage3_zh_v1/quarantine/by_shard/Edu_0026.chunks.jsonl	/soulx-stage3-dataset-CN/datasets/duplexconv_edu0018_0045_stage3_zh_v1/model_ready/edu0018_0045_stage3_zh_v1/quarantine/by_shard/Edu_0026.chunks.jsonl
a6e1c9b2a2d29cd6c6732a54d8efca759f2c775027df770418a40d1de2adeec2	445	/root/autodl-tmp/dataset/duplexconv/aggregates/edu0018_0045_stage3_zh_v1/quarantine/by_shard/Edu_0026.views.jsonl	/soulx-stage3-dataset-CN/datasets/duplexconv_edu0018_0045_stage3_zh_v1/model_ready/edu0018_0045_stage3_zh_v1/quarantine/by_shard/Edu_0026.views.jsonl
7decd47094cbfadd685145c8a416bd34553bced7de1345dfc56fea1615ddddde	348763	/root/autodl-tmp/dataset/duplexconv/aggregates/edu0018_0045_stage3_zh_v1/quarantine/by_shard/Edu_0027.chunks.jsonl	/soulx-stage3-dataset-CN/datasets/duplexconv_edu0018_0045_stage3_zh_v1/model_ready/edu0018_0045_stage3_zh_v1/quarantine/by_shard/Edu_0027.chunks.jsonl
e3b0c44298fc1c149afbf4c8996fb92427ae41e4649b934ca495991b7852b855	0	/root/autodl-tmp/dataset/duplexconv/aggregates/edu0018_0045_stage3_zh_v1/quarantine/by_shard/Edu_0027.views.jsonl	/soulx-stage3-dataset-CN/datasets/duplexconv_edu0018_0045_stage3_zh_v1/model_ready/edu0018_0045_stage3_zh_v1/quarantine/by_shard/Edu_0027.views.jsonl
f34625104cb31ff29de5ff4cb8a7c05a7fec29841a66c7cf5c097e94ea4543b6	291112	/root/autodl-tmp/dataset/duplexconv/aggregates/edu0018_0045_stage3_zh_v1/quarantine/by_shard/Edu_0028.chunks.jsonl	/soulx-stage3-dataset-CN/datasets/duplexconv_edu0018_0045_stage3_zh_v1/model_ready/edu0018_0045_stage3_zh_v1/quarantine/by_shard/Edu_0028.chunks.jsonl
65cf36ab6c7b149ab70567b0b785ba22e0200fed459b883f20e794966e23a03c	451	/root/autodl-tmp/dataset/duplexconv/aggregates/edu0018_0045_stage3_zh_v1/quarantine/by_shard/Edu_0028.views.jsonl	/soulx-stage3-dataset-CN/datasets/duplexconv_edu0018_0045_stage3_zh_v1/model_ready/edu0018_0045_stage3_zh_v1/quarantine/by_shard/Edu_0028.views.jsonl
6eb881cef7073c285c4922445da3b497d1a9fb8f5ab33e1baedd847d977bf8e4	335955	/root/autodl-tmp/dataset/duplexconv/aggregates/edu0018_0045_stage3_zh_v1/quarantine/by_shard/Edu_0029.chunks.jsonl	/soulx-stage3-dataset-CN/datasets/duplexconv_edu0018_0045_stage3_zh_v1/model_ready/edu0018_0045_stage3_zh_v1/quarantine/by_shard/Edu_0029.chunks.jsonl
e3b0c44298fc1c149afbf4c8996fb92427ae41e4649b934ca495991b7852b855	0	/root/autodl-tmp/dataset/duplexconv/aggregates/edu0018_0045_stage3_zh_v1/quarantine/by_shard/Edu_0029.views.jsonl	/soulx-stage3-dataset-CN/datasets/duplexconv_edu0018_0045_stage3_zh_v1/model_ready/edu0018_0045_stage3_zh_v1/quarantine/by_shard/Edu_0029.views.jsonl
aa55bc20d0b8323eae6e662f680bf318757a7ecd8d3ae93d528240dd76bc11d2	319814	/root/autodl-tmp/dataset/duplexconv/aggregates/edu0018_0045_stage3_zh_v1/quarantine/by_shard/Edu_0030.chunks.jsonl	/soulx-stage3-dataset-CN/datasets/duplexconv_edu0018_0045_stage3_zh_v1/model_ready/edu0018_0045_stage3_zh_v1/quarantine/by_shard/Edu_0030.chunks.jsonl
e3b0c44298fc1c149afbf4c8996fb92427ae41e4649b934ca495991b7852b855	0	/root/autodl-tmp/dataset/duplexconv/aggregates/edu0018_0045_stage3_zh_v1/quarantine/by_shard/Edu_0030.views.jsonl	/soulx-stage3-dataset-CN/datasets/duplexconv_edu0018_0045_stage3_zh_v1/model_ready/edu0018_0045_stage3_zh_v1/quarantine/by_shard/Edu_0030.views.jsonl
1eac9c60f259c8f734fc8c77644368632c58b833e78d21610683c3f0eccb1c45	293589	/root/autodl-tmp/dataset/duplexconv/aggregates/edu0018_0045_stage3_zh_v1/quarantine/by_shard/Edu_0031.chunks.jsonl	/soulx-stage3-dataset-CN/datasets/duplexconv_edu0018_0045_stage3_zh_v1/model_ready/edu0018_0045_stage3_zh_v1/quarantine/by_shard/Edu_0031.chunks.jsonl
dd55c6bdc530b47c1143fcb21d77d030d95ce0dd23f1c4c0a9a78c476aede6d9	619	/root/autodl-tmp/dataset/duplexconv/aggregates/edu0018_0045_stage3_zh_v1/quarantine/by_shard/Edu_0031.views.jsonl	/soulx-stage3-dataset-CN/datasets/duplexconv_edu0018_0045_stage3_zh_v1/model_ready/edu0018_0045_stage3_zh_v1/quarantine/by_shard/Edu_0031.views.jsonl
7bb92dc9c639c429f8a1b89619038a6708c4728186d3d061175261358d038d1f	270780	/root/autodl-tmp/dataset/duplexconv/aggregates/edu0018_0045_stage3_zh_v1/quarantine/by_shard/Edu_0032.chunks.jsonl	/soulx-stage3-dataset-CN/datasets/duplexconv_edu0018_0045_stage3_zh_v1/model_ready/edu0018_0045_stage3_zh_v1/quarantine/by_shard/Edu_0032.chunks.jsonl
9507361b5f89c1f8e263f43ee217632b4755329fc3b98b619e439798231240f1	1577	/root/autodl-tmp/dataset/duplexconv/aggregates/edu0018_0045_stage3_zh_v1/quarantine/by_shard/Edu_0032.views.jsonl	/soulx-stage3-dataset-CN/datasets/duplexconv_edu0018_0045_stage3_zh_v1/model_ready/edu0018_0045_stage3_zh_v1/quarantine/by_shard/Edu_0032.views.jsonl
17ee553994c9a28b12fcbbe5bb3b5579d6b14fc9c1f2fb5ffdda723bd3ad568c	299493	/root/autodl-tmp/dataset/duplexconv/aggregates/edu0018_0045_stage3_zh_v1/quarantine/by_shard/Edu_0033.chunks.jsonl	/soulx-stage3-dataset-CN/datasets/duplexconv_edu0018_0045_stage3_zh_v1/model_ready/edu0018_0045_stage3_zh_v1/quarantine/by_shard/Edu_0033.chunks.jsonl
e3b0c44298fc1c149afbf4c8996fb92427ae41e4649b934ca495991b7852b855	0	/root/autodl-tmp/dataset/duplexconv/aggregates/edu0018_0045_stage3_zh_v1/quarantine/by_shard/Edu_0033.views.jsonl	/soulx-stage3-dataset-CN/datasets/duplexconv_edu0018_0045_stage3_zh_v1/model_ready/edu0018_0045_stage3_zh_v1/quarantine/by_shard/Edu_0033.views.jsonl
81c5e9108936c998211ce26fa1da583ad168aea6384c70891197e7d1b0e6d71c	349972	/root/autodl-tmp/dataset/duplexconv/aggregates/edu0018_0045_stage3_zh_v1/quarantine/by_shard/Edu_0034.chunks.jsonl	/soulx-stage3-dataset-CN/datasets/duplexconv_edu0018_0045_stage3_zh_v1/model_ready/edu0018_0045_stage3_zh_v1/quarantine/by_shard/Edu_0034.chunks.jsonl
e3b0c44298fc1c149afbf4c8996fb92427ae41e4649b934ca495991b7852b855	0	/root/autodl-tmp/dataset/duplexconv/aggregates/edu0018_0045_stage3_zh_v1/quarantine/by_shard/Edu_0034.views.jsonl	/soulx-stage3-dataset-CN/datasets/duplexconv_edu0018_0045_stage3_zh_v1/model_ready/edu0018_0045_stage3_zh_v1/quarantine/by_shard/Edu_0034.views.jsonl
7ce36b4d6752f7b801220430b713865a03ef1782b0a0481c852dfda61c2ceae9	310839	/root/autodl-tmp/dataset/duplexconv/aggregates/edu0018_0045_stage3_zh_v1/quarantine/by_shard/Edu_0035.chunks.jsonl	/soulx-stage3-dataset-CN/datasets/duplexconv_edu0018_0045_stage3_zh_v1/model_ready/edu0018_0045_stage3_zh_v1/quarantine/by_shard/Edu_0035.chunks.jsonl
e3b0c44298fc1c149afbf4c8996fb92427ae41e4649b934ca495991b7852b855	0	/root/autodl-tmp/dataset/duplexconv/aggregates/edu0018_0045_stage3_zh_v1/quarantine/by_shard/Edu_0035.views.jsonl	/soulx-stage3-dataset-CN/datasets/duplexconv_edu0018_0045_stage3_zh_v1/model_ready/edu0018_0045_stage3_zh_v1/quarantine/by_shard/Edu_0035.views.jsonl
76b9f7c1c98c62ef918ee3423dbec754d7a1f297e6ad45942c617496d2ebae87	279544	/root/autodl-tmp/dataset/duplexconv/aggregates/edu0018_0045_stage3_zh_v1/quarantine/by_shard/Edu_0036.chunks.jsonl	/soulx-stage3-dataset-CN/datasets/duplexconv_edu0018_0045_stage3_zh_v1/model_ready/edu0018_0045_stage3_zh_v1/quarantine/by_shard/Edu_0036.chunks.jsonl
b8c5fdc28a79e8cf9f891d59e99ffc93312cc8fb9543aad73aac64c3942e3f1b	1514	/root/autodl-tmp/dataset/duplexconv/aggregates/edu0018_0045_stage3_zh_v1/quarantine/by_shard/Edu_0036.views.jsonl	/soulx-stage3-dataset-CN/datasets/duplexconv_edu0018_0045_stage3_zh_v1/model_ready/edu0018_0045_stage3_zh_v1/quarantine/by_shard/Edu_0036.views.jsonl
3e4a47468e8b2728470c56c61c8c0060d1b5ee0cda102e7a59254c7a200a7339	281724	/root/autodl-tmp/dataset/duplexconv/aggregates/edu0018_0045_stage3_zh_v1/quarantine/by_shard/Edu_0037.chunks.jsonl	/soulx-stage3-dataset-CN/datasets/duplexconv_edu0018_0045_stage3_zh_v1/model_ready/edu0018_0045_stage3_zh_v1/quarantine/by_shard/Edu_0037.chunks.jsonl
3840cd5a930d097b73155c205723423e332c22bc5a5a478af878afa72159f9e6	1155	/root/autodl-tmp/dataset/duplexconv/aggregates/edu0018_0045_stage3_zh_v1/quarantine/by_shard/Edu_0037.views.jsonl	/soulx-stage3-dataset-CN/datasets/duplexconv_edu0018_0045_stage3_zh_v1/model_ready/edu0018_0045_stage3_zh_v1/quarantine/by_shard/Edu_0037.views.jsonl
34a966f0631d86524770a33867f35019f832c29e0092a9f69ab053c7c5e0cb7b	301182	/root/autodl-tmp/dataset/duplexconv/aggregates/edu0018_0045_stage3_zh_v1/quarantine/by_shard/Edu_0038.chunks.jsonl	/soulx-stage3-dataset-CN/datasets/duplexconv_edu0018_0045_stage3_zh_v1/model_ready/edu0018_0045_stage3_zh_v1/quarantine/by_shard/Edu_0038.chunks.jsonl
990af622fd960704abcf2983233edcd2f0aa2c91f19d8179392847c0caa5ad90	532	/root/autodl-tmp/dataset/duplexconv/aggregates/edu0018_0045_stage3_zh_v1/quarantine/by_shard/Edu_0038.views.jsonl	/soulx-stage3-dataset-CN/datasets/duplexconv_edu0018_0045_stage3_zh_v1/model_ready/edu0018_0045_stage3_zh_v1/quarantine/by_shard/Edu_0038.views.jsonl
68a5de3530bd42c946adbe52b79b18d391463bc28c55237cbeae0273d348e3fb	301276	/root/autodl-tmp/dataset/duplexconv/aggregates/edu0018_0045_stage3_zh_v1/quarantine/by_shard/Edu_0039.chunks.jsonl	/soulx-stage3-dataset-CN/datasets/duplexconv_edu0018_0045_stage3_zh_v1/model_ready/edu0018_0045_stage3_zh_v1/quarantine/by_shard/Edu_0039.chunks.jsonl
b68a9fce201aa637b7c169bfb0f76848362601a9a29dfa21811dad36c7499aea	590	/root/autodl-tmp/dataset/duplexconv/aggregates/edu0018_0045_stage3_zh_v1/quarantine/by_shard/Edu_0039.views.jsonl	/soulx-stage3-dataset-CN/datasets/duplexconv_edu0018_0045_stage3_zh_v1/model_ready/edu0018_0045_stage3_zh_v1/quarantine/by_shard/Edu_0039.views.jsonl
a8ded680ca364caf55240ffec82d0eae9fba38ba0dbfd859eb6cc9c20e2dc118	290984	/root/autodl-tmp/dataset/duplexconv/aggregates/edu0018_0045_stage3_zh_v1/quarantine/by_shard/Edu_0040.chunks.jsonl	/soulx-stage3-dataset-CN/datasets/duplexconv_edu0018_0045_stage3_zh_v1/model_ready/edu0018_0045_stage3_zh_v1/quarantine/by_shard/Edu_0040.chunks.jsonl
3720e6e5334884f38e43ab6ef79c6f3f5a7d75818a0070f949b411e89c822d55	446	/root/autodl-tmp/dataset/duplexconv/aggregates/edu0018_0045_stage3_zh_v1/quarantine/by_shard/Edu_0040.views.jsonl	/soulx-stage3-dataset-CN/datasets/duplexconv_edu0018_0045_stage3_zh_v1/model_ready/edu0018_0045_stage3_zh_v1/quarantine/by_shard/Edu_0040.views.jsonl
0a5c86457ebbbf598c446c2d5189376326f5a0535e1d6a65d68f98d0c8dfcb84	333096	/root/autodl-tmp/dataset/duplexconv/aggregates/edu0018_0045_stage3_zh_v1/quarantine/by_shard/Edu_0041.chunks.jsonl	/soulx-stage3-dataset-CN/datasets/duplexconv_edu0018_0045_stage3_zh_v1/model_ready/edu0018_0045_stage3_zh_v1/quarantine/by_shard/Edu_0041.chunks.jsonl
6f6bd9e46fd84ccb5e77e95258829da1011965730d129e988fdb452eac85919b	502	/root/autodl-tmp/dataset/duplexconv/aggregates/edu0018_0045_stage3_zh_v1/quarantine/by_shard/Edu_0041.views.jsonl	/soulx-stage3-dataset-CN/datasets/duplexconv_edu0018_0045_stage3_zh_v1/model_ready/edu0018_0045_stage3_zh_v1/quarantine/by_shard/Edu_0041.views.jsonl
ee4276e501608e6b840a5f9317876eb5cbe8f1d8280e5fedcb42e0225fdb7196	292166	/root/autodl-tmp/dataset/duplexconv/aggregates/edu0018_0045_stage3_zh_v1/quarantine/by_shard/Edu_0042.chunks.jsonl	/soulx-stage3-dataset-CN/datasets/duplexconv_edu0018_0045_stage3_zh_v1/model_ready/edu0018_0045_stage3_zh_v1/quarantine/by_shard/Edu_0042.chunks.jsonl
a6e28af89f2697e0510bed0321073b97c6a820fe3f0730913cc6fff988ec375c	2075	/root/autodl-tmp/dataset/duplexconv/aggregates/edu0018_0045_stage3_zh_v1/quarantine/by_shard/Edu_0042.views.jsonl	/soulx-stage3-dataset-CN/datasets/duplexconv_edu0018_0045_stage3_zh_v1/model_ready/edu0018_0045_stage3_zh_v1/quarantine/by_shard/Edu_0042.views.jsonl
36b102377a704d66db24a43675da589ac7d7f1c7625e07e6bf370bcc2a0bbf96	302317	/root/autodl-tmp/dataset/duplexconv/aggregates/edu0018_0045_stage3_zh_v1/quarantine/by_shard/Edu_0043.chunks.jsonl	/soulx-stage3-dataset-CN/datasets/duplexconv_edu0018_0045_stage3_zh_v1/model_ready/edu0018_0045_stage3_zh_v1/quarantine/by_shard/Edu_0043.chunks.jsonl
e3b0c44298fc1c149afbf4c8996fb92427ae41e4649b934ca495991b7852b855	0	/root/autodl-tmp/dataset/duplexconv/aggregates/edu0018_0045_stage3_zh_v1/quarantine/by_shard/Edu_0043.views.jsonl	/soulx-stage3-dataset-CN/datasets/duplexconv_edu0018_0045_stage3_zh_v1/model_ready/edu0018_0045_stage3_zh_v1/quarantine/by_shard/Edu_0043.views.jsonl
4ae16731782c3c262d48da21a749e14d5623df0a8c517f444e124e685b06364b	282273	/root/autodl-tmp/dataset/duplexconv/aggregates/edu0018_0045_stage3_zh_v1/quarantine/by_shard/Edu_0044.chunks.jsonl	/soulx-stage3-dataset-CN/datasets/duplexconv_edu0018_0045_stage3_zh_v1/model_ready/edu0018_0045_stage3_zh_v1/quarantine/by_shard/Edu_0044.chunks.jsonl
e3b0c44298fc1c149afbf4c8996fb92427ae41e4649b934ca495991b7852b855	0	/root/autodl-tmp/dataset/duplexconv/aggregates/edu0018_0045_stage3_zh_v1/quarantine/by_shard/Edu_0044.views.jsonl	/soulx-stage3-dataset-CN/datasets/duplexconv_edu0018_0045_stage3_zh_v1/model_ready/edu0018_0045_stage3_zh_v1/quarantine/by_shard/Edu_0044.views.jsonl
ec8bb92af516d23e0e3fd9ee77c960e43709c1a79bbd54e4d3570cfd7eb2b6b6	24714	/root/autodl-tmp/dataset/duplexconv/aggregates/edu0018_0045_stage3_zh_v1/quarantine/by_shard/Edu_0045.chunks.jsonl	/soulx-stage3-dataset-CN/datasets/duplexconv_edu0018_0045_stage3_zh_v1/model_ready/edu0018_0045_stage3_zh_v1/quarantine/by_shard/Edu_0045.chunks.jsonl
e3b0c44298fc1c149afbf4c8996fb92427ae41e4649b934ca495991b7852b855	0	/root/autodl-tmp/dataset/duplexconv/aggregates/edu0018_0045_stage3_zh_v1/quarantine/by_shard/Edu_0045.views.jsonl	/soulx-stage3-dataset-CN/datasets/duplexconv_edu0018_0045_stage3_zh_v1/model_ready/edu0018_0045_stage3_zh_v1/quarantine/by_shard/Edu_0045.views.jsonl
36c78a20f8ab22a7fa144950f7517b0c55f1af8b4dbcb51db543567c8ee42b60	43326	/root/autodl-tmp/dataset/duplexconv/aggregates/edu0018_0045_stage3_zh_v1/shard_registry.jsonl	/soulx-stage3-dataset-CN/datasets/duplexconv_edu0018_0045_stage3_zh_v1/model_ready/edu0018_0045_stage3_zh_v1/shard_registry.jsonl
17187ca65e7b94b927d4b2b5c54fe163ac4b6f691b8af68884ec2089777d44b0	949	/root/autodl-tmp/dataset/duplexconv/aggregates/edu0018_0045_stage3_zh_v1/stats.json	/soulx-stage3-dataset-CN/datasets/duplexconv_edu0018_0045_stage3_zh_v1/model_ready/edu0018_0045_stage3_zh_v1/stats.json
4f2a65763e20206a58e1de95fc646749f9ebd6b9bfc94beae677f99beb1c60fd	7317340160	/root/autodl-tmp/dataset/duplexconv/raw/audio/Edu_0018.tar	/soulx-stage3-dataset-CN/datasets/duplexconv_edu0018_0045_stage3_zh_v1/raw/audio/Edu_0018.tar
196df403442b042caf4df430772d68ccb8f8d6229dd7d101b384471debbef852	7612467200	/root/autodl-tmp/dataset/duplexconv/raw/audio/Edu_0019.tar	/soulx-stage3-dataset-CN/datasets/duplexconv_edu0018_0045_stage3_zh_v1/raw/audio/Edu_0019.tar
3c2576929c05bff03f39e1a1184c3df6ec0641ba612027f2e0d0a426e98ca135	7966894080	/root/autodl-tmp/dataset/duplexconv/raw/audio/Edu_0020.tar	/soulx-stage3-dataset-CN/datasets/duplexconv_edu0018_0045_stage3_zh_v1/raw/audio/Edu_0020.tar
239cac1afb3c11d5668815474a9c2819c6c1fefdc69149968a5e0ae75efaa299	7560140800	/root/autodl-tmp/dataset/duplexconv/raw/audio/Edu_0021.tar	/soulx-stage3-dataset-CN/datasets/duplexconv_edu0018_0045_stage3_zh_v1/raw/audio/Edu_0021.tar
63e00118c98431cee58db2752b9f82677f63918546186cc8263784f5348f449a	8036096000	/root/autodl-tmp/dataset/duplexconv/raw/audio/Edu_0022.tar	/soulx-stage3-dataset-CN/datasets/duplexconv_edu0018_0045_stage3_zh_v1/raw/audio/Edu_0022.tar
e0201c0b4212fbe0673d291620196808f85deaf1cff5e7aaa1d6301b558e7a8f	7968808960	/root/autodl-tmp/dataset/duplexconv/raw/audio/Edu_0023.tar	/soulx-stage3-dataset-CN/datasets/duplexconv_edu0018_0045_stage3_zh_v1/raw/audio/Edu_0023.tar
6c1fceb751682f8fb5132b8c2373d4abd04b918e9a5d6dffa9a68509cef65cf6	7472896000	/root/autodl-tmp/dataset/duplexconv/raw/audio/Edu_0024.tar	/soulx-stage3-dataset-CN/datasets/duplexconv_edu0018_0045_stage3_zh_v1/raw/audio/Edu_0024.tar
c8add7e522eda2e1c756605948eff78db6d2065c42bfae4baf0f918d550491f5	7541288960	/root/autodl-tmp/dataset/duplexconv/raw/audio/Edu_0025.tar	/soulx-stage3-dataset-CN/datasets/duplexconv_edu0018_0045_stage3_zh_v1/raw/audio/Edu_0025.tar
460a874c92469e8ba4d8f251edd4a53da613790f673eaa32811a2d1b9ad1914b	8177203200	/root/autodl-tmp/dataset/duplexconv/raw/audio/Edu_0026.tar	/soulx-stage3-dataset-CN/datasets/duplexconv_edu0018_0045_stage3_zh_v1/raw/audio/Edu_0026.tar
a8833f8e9c45f9566f644ecee112ebbce8dbfbb34c8c570eac9805bae6e7ccae	8255406080	/root/autodl-tmp/dataset/duplexconv/raw/audio/Edu_0027.tar	/soulx-stage3-dataset-CN/datasets/duplexconv_edu0018_0045_stage3_zh_v1/raw/audio/Edu_0027.tar
f5c5928427a550d8181223f62bff40626742f6e1a8386c06bf3bc8eab6977ccd	7947059200	/root/autodl-tmp/dataset/duplexconv/raw/audio/Edu_0028.tar	/soulx-stage3-dataset-CN/datasets/duplexconv_edu0018_0045_stage3_zh_v1/raw/audio/Edu_0028.tar
fe2238a45cc8f9cc9d110019765e8d34e0df0997635c3db4f82451e960bdab7b	8074332160	/root/autodl-tmp/dataset/duplexconv/raw/audio/Edu_0029.tar	/soulx-stage3-dataset-CN/datasets/duplexconv_edu0018_0045_stage3_zh_v1/raw/audio/Edu_0029.tar
2bb6fa17c877e1a83fdffd1a164af061291c9b0a68e55a530c67cb82c22171f7	7972321280	/root/autodl-tmp/dataset/duplexconv/raw/audio/Edu_0030.tar	/soulx-stage3-dataset-CN/datasets/duplexconv_edu0018_0045_stage3_zh_v1/raw/audio/Edu_0030.tar
50312ad902dea81b833e4709f3c94dd1653d16c286cd5a78d97d5ed4c56a4fa1	7819653120	/root/autodl-tmp/dataset/duplexconv/raw/audio/Edu_0031.tar	/soulx-stage3-dataset-CN/datasets/duplexconv_edu0018_0045_stage3_zh_v1/raw/audio/Edu_0031.tar
86838aa88d801c4c1c8e80708f2857fbf5b7b2683e421533c2781df852742a30	7693424640	/root/autodl-tmp/dataset/duplexconv/raw/audio/Edu_0032.tar	/soulx-stage3-dataset-CN/datasets/duplexconv_edu0018_0045_stage3_zh_v1/raw/audio/Edu_0032.tar
1a10221436cce3fcb89c5df2ad8484214815fd4e4c7e141cdf000978bf0df5d4	7609466880	/root/autodl-tmp/dataset/duplexconv/raw/audio/Edu_0033.tar	/soulx-stage3-dataset-CN/datasets/duplexconv_edu0018_0045_stage3_zh_v1/raw/audio/Edu_0033.tar
53357750a505a0a57afd12c6531d9ebbb6c61961c6f33e1c0feb88012f00605e	8369879040	/root/autodl-tmp/dataset/duplexconv/raw/audio/Edu_0034.tar	/soulx-stage3-dataset-CN/datasets/duplexconv_edu0018_0045_stage3_zh_v1/raw/audio/Edu_0034.tar
4eea63b01b39a410db686530a7ca556f7218c3d94785682cf8391cee92117981	7440353280	/root/autodl-tmp/dataset/duplexconv/raw/audio/Edu_0035.tar	/soulx-stage3-dataset-CN/datasets/duplexconv_edu0018_0045_stage3_zh_v1/raw/audio/Edu_0035.tar
c69e0c9c29560b93387c162d0ab4be190cffbdec32ea9b5e120bf7e7e59c5643	7846338560	/root/autodl-tmp/dataset/duplexconv/raw/audio/Edu_0036.tar	/soulx-stage3-dataset-CN/datasets/duplexconv_edu0018_0045_stage3_zh_v1/raw/audio/Edu_0036.tar
f9c22a8e609fe0512e7d9abbd2008d73447a39f298f82b6247f9c57cc101d0e9	7735255040	/root/autodl-tmp/dataset/duplexconv/raw/audio/Edu_0037.tar	/soulx-stage3-dataset-CN/datasets/duplexconv_edu0018_0045_stage3_zh_v1/raw/audio/Edu_0037.tar
4ef813ba8fdd23ade91ca8b2ddbc5dd498bc6e8db40488ef1f250a5bbbf8fcb3	8289576960	/root/autodl-tmp/dataset/duplexconv/raw/audio/Edu_0038.tar	/soulx-stage3-dataset-CN/datasets/duplexconv_edu0018_0045_stage3_zh_v1/raw/audio/Edu_0038.tar
2244f2b5246d0b4965b7c3b12382f421b88447f3d68fc572cd047f1ce311a369	8089958400	/root/autodl-tmp/dataset/duplexconv/raw/audio/Edu_0039.tar	/soulx-stage3-dataset-CN/datasets/duplexconv_edu0018_0045_stage3_zh_v1/raw/audio/Edu_0039.tar
d75dc91eed6f4fa7436ec3a4df53c76319f40e3145c3b9b777dd4974c2b80c11	7522283520	/root/autodl-tmp/dataset/duplexconv/raw/audio/Edu_0040.tar	/soulx-stage3-dataset-CN/datasets/duplexconv_edu0018_0045_stage3_zh_v1/raw/audio/Edu_0040.tar
b959d580090fd31f9f4435f11be834034c07dc9a1091e76100cae339dd5b3a75	8120791040	/root/autodl-tmp/dataset/duplexconv/raw/audio/Edu_0041.tar	/soulx-stage3-dataset-CN/datasets/duplexconv_edu0018_0045_stage3_zh_v1/raw/audio/Edu_0041.tar
dd4c5d519cf7fdb9d346bfb3f667e9e49b9fc77e586d322067ab491bc81aaadb	7413319680	/root/autodl-tmp/dataset/duplexconv/raw/audio/Edu_0042.tar	/soulx-stage3-dataset-CN/datasets/duplexconv_edu0018_0045_stage3_zh_v1/raw/audio/Edu_0042.tar
1806e902a3c068d211644202910ce5b9e34525d0a48830fb8aa94552b11868fc	7444357120	/root/autodl-tmp/dataset/duplexconv/raw/audio/Edu_0043.tar	/soulx-stage3-dataset-CN/datasets/duplexconv_edu0018_0045_stage3_zh_v1/raw/audio/Edu_0043.tar
9a00f428919ced3c54739a7e52402abde1019d7f6905e3dc8a5c2ede5dfea09d	7812597760	/root/autodl-tmp/dataset/duplexconv/raw/audio/Edu_0044.tar	/soulx-stage3-dataset-CN/datasets/duplexconv_edu0018_0045_stage3_zh_v1/raw/audio/Edu_0044.tar
e23ddd68a3091123aa80749c9b6a03f1133b19f4415dba664cf5c519f1c219f7	660613120	/root/autodl-tmp/dataset/duplexconv/raw/audio/Edu_0045.tar	/soulx-stage3-dataset-CN/datasets/duplexconv_edu0018_0045_stage3_zh_v1/raw/audio/Edu_0045.tar
1e6451ed46ce7ad03b3baf53efc240b7fdd9a752e6ca3cbac3a78fd8f2693240	56907357	/root/autodl-tmp/dataset/duplexconv/raw/metadata/jsons.tar.gz	/soulx-stage3-dataset-CN/datasets/duplexconv_edu0018_0045_stage3_zh_v1/raw/metadata/jsons.tar.gz
b7683276e0c2d25c3b24e7aa20735c8b53e967b76ad5af16e0a499bda474b4d3	1858	/root/SoulX-stage3-dataset/release/duplexconv_edu0018_0045_stage3_zh_v1/README.md	/soulx-stage3-dataset-CN/datasets/duplexconv_edu0018_0045_stage3_zh_v1/receipts/README.md
53becb30ea86dcca39636628cd0efdf9f3f9bb0352c9195517d69bb23f5f4228	2517	/root/SoulX-stage3-dataset/release/duplexconv_edu0018_0045_stage3_zh_v1/release_spec.json	/soulx-stage3-dataset-CN/datasets/duplexconv_edu0018_0045_stage3_zh_v1/receipts/release_spec.json
